<?xml version="1.0" encoding="UTF-8"?>
<!DOCTYPE configuration
    PUBLIC "-//mybatis.org//DTD Config 3.0//EN"
    "http://mybatis.org/dtd/mybatis-3-config.dtd">
<configuration>
	<typeAliases>
		<typeAlias alias="Admin" type="com.tj.mmcine.model.Admin"/>
		<typeAlias alias="Customer" type="com.tj.mmcine.model.Customer"/>
		<typeAlias alias="Movie" type="com.tj.mmcine.model.Movie"/>
		<typeAlias alias="Notice" type="com.tj.mmcine.model.Notice"/>
	</typeAliases>
	<mappers>
		<mapper resource="META-INF/sqlmap/mappers/Admin.xml"/>
		<mapper resource="META-INF/sqlmap/mappers/Customer.xml"/>
		<mapper resource="META-INF/sqlmap/mappers/Movie.xml"/>
		<mapper resource="META-INF/sqlmap/mappers/Notice.xml"/>
	</mappers>
</configuration>