<?xml version="1.0" encoding="UTF-8"?>
<!DOCTYPE mapper
    PUBLIC "-//mybatis.org//DTD Mapper 3.0//EN"
    "http://mybatis.org/dtd/mybatis-3-mapper.dtd">
    
<mapper namespace="Notice">
	<resultMap type="Notice" id="NoticeResult">
		<result property="nBoardNum" column="nBoardNum"/>
		<result property="nBoardId" column="nBoardId"/>
		<result property="nBoardTitle" column="nBoardTitle"/>
		<result property="nBoardContent" column="nBoardContent"/>
		<result property="nBoardImg" column="nBoardImg"/>
		<result property="nBoardHit" column="nBoardHit"/>
		<result property="nBoardRdate" column="nBoardRdate"/>
		
		<result property="startRow" column="startRow"/>
		<result property="endRow" column="endRow"/>
	</resultMap>
	
	<!-- Notice : 리스트 PAGING처리  -->
	<select id="listNotice" parameterType="Notice" resultMap="NoticeResult">
		SELECT * FROM
	    (SELECT ROWNUM RN, A.* FROM 
	        (SELECT * FROM NOTICE ORDER BY NBOARDRDATE DESC) A)
	     WHERE RN BETWEEN #{startRow} AND #{endRow}  
	</select>
	
	<!-- Notice : 리스트 New 5행 -->
	<select id="listNoticeNewFive" parameterType="Notice" resultMap="NoticeResult">
		SELECT * FROM
	    (SELECT ROWNUM RN, A.* FROM 
	        (SELECT * FROM NOTICE ORDER BY NBOARDRDATE) A)
	     WHERE RN BETWEEN 1 AND 5 
	</select>
	
	<!-- Notice : 공지 입력  -->
	<insert id="writNotice" parameterType="Notice">
		INSERT INTO NOTICE VALUES (SEQ_NOTICE.NEXTVAL, #{nBoardId}, #{nBoardTitle}, #{nBoardContent}, #{nBoardImg}, 0, SYSDATE)
	</insert>
	
	<!-- MOVIE : 공지 수정  -->
	<update id="modifyNotice" parameterType="Notice">
		UPDATE NOTICE SET
		    NBOARDID = #{nBoardId},
		    NBOARDTITLE = #{nBoardTitle},
		    NBOARDCONTENT = #{nBoardContent},
		    NBOARDIMG = #{nBoardImg},
		    NBOARDRDATE = SYSDATE
		WHERE NBOARDNUM = #{nBoardNum}
	</update>

	<!-- Notice: 공지 삭제 -->
	<delete id="deleteNotice" parameterType="Notice">
		DELETE FROM NOTICE WHERE NBOARDNUM = #{nBoardNum}
	</delete>
	
	<!-- 공지 한행 가져오기 -->
	<select id="getNotice" parameterType="Notice" resultType="Notice">
		SELECT * FROM NOTICE WHERE NBOARDNUM = #{nBoardNum}
	</select>
	
	<!-- 페이징 때 사용하는 모든 갯수 구하기 -->
	<select id="getNoticeCnt" resultType="int">
		SELECT COUNT(*) FROM NOTICE
	</select>

</mapper>